transaction_id,V1,V2,V3,V4,V5,V6,V7,V8,V9,V10,V11,V12,V13,V14,V15,V16,V17,V18,V19,V20,V21,V22,V23,V24,V25,V26,V27,V28,Amount,actual_fraud
TXN-300000,-17.0855347817411,-15.7788164157136,-3.39664943492025,3.11777449336867,3.0188367380748,0.741585736284221,3.66997089682454,-2.52359955291581,3.70672545110485,3.03911501695735,2.1833276463342,0.2283334896301,0.945368324128929,-2.65451621939643,2.13615804127851,1.43274836516962,-1.45333933528546,-2.25640080440096,1.60815918189209,-11.7984441383438,-4.98741347463977,0.176409527365943,3.8517915952644,-0.547870047847827,2.29722376072481,0.538685307961575,-3.4020008771584,9.71874320193606,402.6,0
TXN-300001,0.91152315101069,-2.03866886911579,0.0071681484942804,-1.26468084808426,-1.58824110395401,-0.307483135397001,-0.606465989581942,-0.245772791433991,-1.81398989382953,1.24083675930069,-1.06821100061383,-0.780724421816795,1.34663211659885,-0.47587519710476,0.790630173446944,0.0713012962643259,0.0961010123997012,0.183055251935266,-0.0351871383875818,0.427407475567708,-0.213006587665496,-0.991815636360907,-0.228457955468837,-0.479915237053522,0.140164426882919,-0.395692301186881,-0.0175859399186078,0.0811713289988014,349.7,0
TXN-300002,1.28897314940946,-1.20342487166978,-2.097041351043,0.796104969716076,-0.394719495401869,-1.11343508375454,0.525550015408878,-0.282025679951772,1.18525663439614,-1.03809062987123,-0.679918837721569,-0.423081099224526,-1.43144802298897,-1.2352642065454,0.130654754172257,0.0980784075803867,1.31306981761574,0.250515243198603,-0.0542639663351027,0.491960462924413,-0.0409105145020139,-0.760830452061906,-0.132566832716578,-0.229338897165332,-0.253594505334369,-0.116647977207937,-0.0816235760529143,0.0432232030588807,385.5,0
TXN-300003,0.281005844213941,-1.32302410479848,0.780844868284608,1.42990907438608,-1.09101670590794,0.533474790666341,-0.157196303368475,0.210445630903945,0.156636700519486,-0.0714083438047988,1.49517664390365,1.05364251130186,0.304590167722397,0.238034313769145,1.0085381552088,0.643298368894802,-0.686845786169085,0.474594096249825,-0.921208713387235,0.724265793715478,0.454424682805025,0.405148327846264,-0.366100675029671,0.0457860513866489,0.0909773596752937,-0.380230656285623,-0.0016676626057782,0.100527602248161,424.65,0
TXN-300004,-1.42728095212313,-0.475921195132803,1.69861221297299,-0.795181957734412,-0.0331069020647843,0.0394766511415964,0.776439692737389,0.141641689577435,-0.388573928513265,-0.94720847351226,0.49323338172658,0.450775211690068,0.309016749204749,-0.0165070316645183,-0.0857402352164821,0.810781845239697,-1.04586428428766,0.8838011700753,-0.0438028971762626,0.615389119597969,0.38373715919213,0.552092147820305,0.108666258955574,-0.300506838457929,0.585960885284049,0.764911712880897,-0.108646689984112,0.0652683808239581,226.0,0
TXN-300005,-5.95116192321435,-7.59382893429075,2.30682953248135,-0.561241771363723,5.0455240550342,-4.11519743659332,-3.83749861128668,0.826600050473986,1.8314396089883,-1.68225680218739,-0.0217615936836459,0.89886225698451,-0.44975354940895,0.132407520247711,1.60226691338789,-1.10728691585169,0.5367273399297,-0.339242358937968,-0.621899425884551,2.13090213851198,0.941664582526885,0.482862691573716,1.55674371709229,0.0875634534176001,0.708301121212969,-0.035394460137452,-0.228746518315046,0.214925251957092,247.83,0
TXN-300006,0.288028928428076,0.965681439446855,-1.45949519977085,1.92186300234526,-1.91241402974899,-1.13028190025527,-2.81426265960526,0.648663224885543,-0.695262639845074,-3.46568908576121,2.35161910622909,-3.82670531942496,-0.767569849115369,-4.8528669146236,1.66486300420352,-2.61736133003734,-4.83555830647772,-1.92175160139324,-0.385884175181753,0.330916894188196,0.603127128021142,0.380690182113136,-0.0641251755885565,0.271380100640141,0.33721953478356,0.626155869423677,0.565124825956713,0.305925255390835,23.36,1
TXN-300007,-1.33843637045793,-0.137637062059772,0.741406413409205,-1.8785346472087,-0.563249710448332,0.462680608070109,1.50586719382198,-0.13928306245304,-1.9074025097368,0.0668843259682149,1.67029903158063,-0.461170095736348,-0.651210192856469,0.228279835729879,-0.203232084748822,0.612573927072841,0.473292451397982,-1.85141435493074,-0.285614285441206,-0.179627887434353,0.294382931598252,0.822021915713649,-0.313113893481518,-0.250213920502973,0.625156715638955,-0.14123409362165,-0.131341204744414,0.0661157972742872,278.03,0
TXN-300008,1.48327667678987,-1.23514306110074,-1.09641574039353,-0.0266698170552815,0.209999159166602,1.77370275555648,-0.655607754882415,0.624218531783754,1.26674303533629,-0.251931656632842,0.742400843611143,0.434028653353303,-1.27236973934803,0.631341786194239,1.39373369255553,-0.141142551682335,-0.265654713897057,-0.378854048336087,-0.700097407900177,0.0584412169928834,0.0629512704482527,-0.190008460459695,0.212541707776665,-1.03424432665431,-0.626465433289609,-0.868706851435532,0.049930006136989,-0.0145826867205302,210.04,0
TXN-300009,-1.7177647160443,0.635531163015614,1.02827848753548,-0.0864499559441793,-0.0538801491017546,0.310790067439157,1.71920048521828,0.0370794341002974,-0.761866234070307,-0.963584613048738,-0.775132520789759,0.199837474543714,0.693881044803915,0.128482868638388,0.412592065594369,0.418217186985635,-0.715159040848851,-0.608371299264638,-1.31980329343638,-0.14986295555007,-0.136937337660638,-0.436891769111572,-0.260202136440033,-0.463904860673302,0.528115497094498,-0.64750303913543,-0.210655874924132,-0.398056226443598,255.1,0
TXN-300010,-5.13325527898694,-12.1965094244945,-5.55964960503575,2.64783848620825,-3.74266912553227,0.512261021471898,4.89742362661719,-1.14571639120997,0.714964879564217,-1.99653016490812,0.561463891828968,1.10329725458374,0.229792248216651,1.3867038299303,0.317605258591526,0.0474878339143569,-0.487543446214724,1.49265010275129,-0.585867666995641,7.31321600554212,2.60070456417125,-0.695905916167184,-3.42485396868881,-0.0999223522226476,-0.895580686950383,-0.794601374751501,-0.683659906953715,0.577665176661479,3721.4,0
TXN-300011,-4.08098754703616,-4.22168857676756,-0.921376852510138,-0.391185232572702,0.255865262352671,-0.833363090393542,-0.474689747540953,-0.0758668180762806,-0.17125233483967,0.265833775823241,-2.03548468055422,-0.910737112555192,0.108779809962823,-0.288371614967598,-0.105451691540547,1.53555736663577,0.184977812274438,-1.3430387094744,1.77621275677624,-1.09052736425075,-0.495058272043145,-0.822045418376888,-1.58205321913434,-0.814947065480843,-1.21774336844752,-0.569741756278995,0.547313294151518,-0.437730275868521,369.02,0
TXN-300012,1.5034219977377,-0.934036285574163,-0.689239197839252,1.38462469768302,-0.511945272320436,0.0941132312855484,-0.244852285627953,0.0166421474513481,0.915220792050838,0.105633117653678,-1.05588933089531,0.0429403485026257,-0.0813402698079076,0.0958720024609082,0.937940723511117,0.51104517788394,-0.780774516739232,0.417524223206831,-0.848898901136121,0.250405087332952,0.358899654192211,0.59973981182795,-0.0440924788351758,0.590707986125644,-0.166014613358018,-0.609537250902136,0.0077053970947574,0.016764391422989,247.0,0
TXN-300013,-30.552380043581,16.7133892350242,-31.1036848245812,6.53498386355181,-22.105531524316,-4.97769196369245,-20.371513594495,20.0072083651213,-3.56573779124378,-7.7310714411342,3.8294273949908,-5.31433227604015,1.44693027992913,-4.57926372815218,-0.142299360010106,-4.99784830436345,-10.9614103561188,-4.64148195920404,0.567056279787444,1.73364399368955,1.8165201713562,-2.28868550494101,-1.46054449877578,0.183179482716819,2.20820917836653,-0.208823971247713,1.23263629519904,0.356660010884047,99.99,1
TXN-300014,1.5595377906078,-1.69081361597584,-0.737239613671623,0.0340103394133448,-1.36061208894017,-0.520250740791496,-0.467021066719915,-0.235410309706126,0.122952088091331,0.539444653023153,-1.01485377043828,0.470552538986182,1.08121219339966,-0.274810451911595,0.455238169543578,-1.53329125298372,-0.23974897168984,1.53318320413525,-1.24961313759426,-0.02757063048832,0.1579035373546,0.584529209837177,-0.151600404169952,0.0237460744204803,-0.125901534325039,-0.0860805735322857,0.009938066099362,0.0113995502465166,288.15,0
TXN-300015,0.489413273070296,-2.27217206533082,0.572869018650301,-0.246358970155921,-1.68216882078114,0.769429647450252,-0.815434226747463,0.294930239727924,-0.0363192333484937,0.339827415843886,0.69291005592528,0.0307919613395081,-0.705515350629092,-0.462381922051133,-0.968181346518668,0.82815185020222,0.657268495875663,-1.21105754070294,0.843678927469351,0.818537728148622,0.29824329913543,0.0717746233872841,-0.367153861198095,-0.279184049093936,0.147704382728737,-0.252354638792385,-0.0158581948443597,0.0776568411964697,417.76,0
TXN-300016,0.528640706736499,-0.914011909231739,0.666008797409979,1.46662669595074,-0.937602320177875,0.0360898046549901,-0.0290886093172837,0.0638947302068274,0.373081848740668,-0.176040042435113,-0.26987324285917,0.0953916142339466,-0.248042640093062,0.237757500717948,1.58461143775007,0.320561893739216,-0.322036553117116,-0.226944973608832,-1.03192223932448,0.465682550673127,0.195712389123069,-0.120839612776702,-0.203743681880737,0.0641175969445684,0.119464402535863,-0.462617633569766,0.0055828568451059,0.0894379939840106,324.47,0
TXN-300017,-1.14194094594416,-4.28885538326809,-1.39250307039228,0.718404726708419,-1.64909230688174,0.0198302947317824,1.55319707354883,-0.403630931928467,-1.69173451377454,0.288986347409831,1.51418980661891,0.864368092269668,0.548421450079187,0.835289793626485,0.28271003273293,-1.44420993814873,0.0771108618165527,0.759432219973043,-1.12808884366773,2.06273495626422,0.12682131039916,-2.07896221624941,-0.896855988655807,0.0352295931316413,-0.350231734273154,0.0468968291098591,-0.266890310674966,0.220534247455282,1277.0,0
TXN-300018,-3.6415071560864,-1.60974184152975,0.588759795527477,-2.30263208160096,-1.25563828642159,3.36950234314485,3.54192889387833,-2.66016356416002,0.908040436294526,2.23281098766266,1.55123413808291,-0.914638287627351,-0.439510574482606,-2.28317184101881,-0.108639199647823,0.439915695437438,-0.25517242718346,-2.7252139689743,0.332318185679555,-2.0685792406532,-0.429788190198581,-0.336657291325325,-0.19059739495576,-1.56569321062065,0.238630393296049,-0.576500768668865,-1.65882369226014,-0.258402497022265,607.29,0
TXN-300019,0.850505431630783,-0.564431314851231,-0.287859992769561,0.785896116425211,-0.366383978017525,-0.729014897866597,0.546103086647931,-0.306184846527114,0.160039271928497,-0.223262119363105,-0.865109738417927,0.216399259370784,0.0464781800623161,0.218705842542275,0.107470823471228,-0.195072644883022,-0.13699357313257,-0.4718167110661,0.188756911153438,0.364662276132707,0.0512410238101783,-0.22467814064319,-0.360633241183314,0.100143338309305,0.62635172795315,0.551991206534782,-0.097205402922155,0.0381966317512583,237.0,0
TXN-300020,0.758841263051024,-1.17255279328969,0.370870471648479,0.0777764178609639,-0.7980732935519,0.579245160386717,-0.450789647246618,0.16431211974183,0.670629015465608,-0.218076523395489,0.116888822347371,0.720614828811491,0.484292098098566,-0.19989170152925,0.093201897578682,0.927763547230897,-0.932041204522116,0.791560060117811,0.587153400596206,0.531902594325481,0.206554367881401,0.137939348363279,-0.416723157825686,-0.714755112057844,0.249114176630056,1.13475712648213,-0.0890806212871459,0.039166911448691,268.54,0
TXN-300021,-1.22523620205422,-6.15117947156421,-4.44964487328171,1.05182663656563,-1.64722302625069,-1.12554549869999,2.94358737453427,-1.12808568341152,-1.248917760545,0.222968347946474,-1.23776454608156,-0.579748595213894,-0.371606810923756,1.23656117940039,-0.0713311343896431,-1.97716606984063,0.236639276573278,1.10296486904439,-1.18440206646496,2.99432465861477,0.97271320774955,-0.690106618962359,-1.69269374158311,0.0365652120874379,-0.164951131726701,0.836445498821085,-0.468132093471587,0.219612365367267,1816.0,0
TXN-300022,0.45481494244811,-1.67408775793577,0.376629806948654,-0.594916601793995,-1.38419050570369,-0.146465789864923,-0.160872136907582,0.0245857567763709,1.5186395179425,-1.10454820827565,1.00987982322151,1.46815911192169,0.259090993281803,0.0537485720587575,0.633789552278869,-0.0949638341004498,-0.525563437428585,0.870913686790363,0.82421868609577,0.725318304194857,0.279088674917577,0.12725715559804,-0.450124205784138,0.0567455653933671,0.3785422593781,-0.713212644795687,0.017168574325442,0.0921170267427845,400.0,0
TXN-300023,1.51079110191361,-1.78787845623868,-2.12466077296491,-0.1583724170738,-0.116781424472998,0.209131635217369,0.167886979236846,-0.301480176566512,-0.554458953163882,0.723855596012381,-1.92450213352742,0.0794725929771027,1.42551533542385,-0.0760355605250829,0.0203065669499411,-1.38435587049226,-0.471813915300416,1.25209267676337,-0.666610652264078,0.252216454639881,-0.0610314802845168,-0.347394248102047,-0.298948630268614,-0.318486737500518,0.0315997126917471,0.450995438293674,-0.100406313200296,0.0036080299912338,385.0,0
TXN-300024,-1.01944731595607,0.514226531715362,-0.524134426841231,-0.40791789395055,-0.0778610431870968,-0.945082524574399,1.34375551061925,0.175295058649241,-0.0511298923644382,-2.02914392169055,-0.96436707940789,-0.0681013952216297,-0.309937225306924,-1.15278080123578,-0.603570429107423,0.143710511682075,1.11855078770703,0.338589109455481,-0.0517359709370429,0.261292852975525,0.0275319520443659,-0.289384985985376,0.378374512192158,-0.167258827451758,-0.256738125479592,-0.169732812872313,-0.0295515765788205,0.12833105634931,213.39,0
TXN-300025,-1.38091434124619,-4.98811721359566,-1.39539486530543,0.498519778510318,-2.0763612228418,0.080743377363699,1.41740594738283,-0.394073091412786,-1.21565192488109,0.0513655007142953,1.64843756630516,0.464674362346079,0.217540238118748,0.333833498666607,-0.531673722759789,0.548031947675391,0.759521051725932,-1.41049795079761,0.220503229754868,2.87668013645236,1.09301044408084,0.0246648470907115,-1.35804151216232,0.350672540325081,0.147673998222914,-0.215007786940973,-0.260246443935016,0.236423164406014,1411.22,0
TXN-300026,1.89874805958907,-2.15037349544798,-1.16117944676714,-1.62912990282266,-1.27940693364449,0.186693943140297,-1.18842902109093,0.0372756240461688,-1.20170382613493,1.6421304553986,0.0825534033744884,-0.599081912684951,-0.0695111734412482,-0.232417270626827,-0.600199427216494,-0.0093308739976355,0.0144239081170234,0.82558642437227,0.222770700720759,-0.0134731728906132,-0.0195595201682956,-0.0733765490963373,0.0497429680767667,0.166880360290976,-0.316549846181004,-0.215938692405137,-0.0241335063739631,-0.0196416347494809,214.0,0
TXN-300027,0.657239900939031,-0.637169581356428,-0.0367661103665605,1.21986116774638,-0.230918273319023,0.19165991127567,0.263298299434944,0.0657447738838399,-0.213462132452468,0.0811420779559574,1.129712200199,0.591173122638325,-0.437022385125974,0.688015291740912,0.598333022364361,0.206745512328368,-0.52944585526571,0.197040620030633,-0.50156015395737,0.35917097350525,0.283540879764371,0.239902606211978,-0.360988066586568,-0.291193486498151,0.501010718157856,-0.275189229391073,-0.0228818495469476,0.05045507809666,270.07,0
TXN-300028,-1.22599632846692,-0.513767976275576,2.18572682087784,2.04661142342698,-1.24134865972154,1.62185408240218,0.951837740888019,0.350117022685667,1.45705079634493,-1.1300164192317,1.53583666213697,-1.55333612983406,0.728872116132179,1.03766704793622,-2.72623119747174,-1.43107739834529,1.72194645671571,-0.127636248294478,1.24750260414924,0.746015175417492,-0.184738713147178,-0.551889454829956,0.850873419141179,0.118167787278027,-0.132825132589898,-0.479974716225048,0.0452804523138222,0.145694091253069,372.82,0
TXN-300029,1.41129497218338,-1.26983559058451,-1.44594884602581,0.5044707896289,-0.148297610251129,0.221298185534898,0.0967527044052325,0.0013538876323831,0.536365847722072,0.109680480009665,0.429996144586723,0.708367348264917,-0.189732437509196,0.413333059916713,-0.247540711359898,0.431085474010768,-0.776600723940192,0.29476890325403,0.166877456415485,0.449209281160989,0.173133693577378,-0.134313906411221,-0.0770571800301578,0.247741810901255,-0.292442245242669,0.173694891011838,-0.106952029866317,-0.0075483954971614,319.85,0
TXN-300030,0.832351885357371,-2.13381198945291,-0.305159011085588,-0.899182989734124,-1.74926661637682,-0.928570164944617,-0.246017662042952,-0.369310379204535,-1.75727044616441,1.2398487357111,-0.828443845780604,-1.10907604422638,-0.26821476803714,-0.14533606408691,-0.269050118278854,-0.901234608653359,0.922772726898827,-0.166521987779357,-0.0567956317823993,0.341613284269009,0.001447080286258,-0.328958363313069,-0.3961302893972,0.402469083241076,0.524067358088095,-0.100269250404849,-0.0563092755091804,0.0707945734872631,375.35,0
TXN-300031,1.09546466715571,-2.81278650054098,-1.65452846052042,-0.727560490022755,-0.836962645792981,0.806881106357519,-0.287261794464842,0.0433827531869439,-0.106227991521019,0.537601617238037,-0.0950722877146482,0.0738778485598647,0.30347146366243,-0.265909466873548,-0.924537648563024,1.47197745142886,-0.213918577381886,-0.947718464847989,1.37048795608451,1.17123984838691,0.111638291075674,-0.948554318280274,-0.177303261143663,-0.417892273063838,-0.570371543616345,-0.614294887039472,-0.105187435801377,0.0409776431777837,577.68,0
TXN-300032,-1.12553816403523,-4.14273690121541,-0.152596234851176,1.12746691154131,-1.92011096633827,1.30879646216342,0.570452539103256,0.220972806292588,0.815517534064219,-0.823667446771109,1.26270307131112,1.17468446323326,-0.491344403125245,0.0642061812831907,-0.338044311663568,-0.300599561570007,0.501729311801559,-0.747623521955096,-0.398721285181262,2.14891575208229,0.558736420659096,-0.715079544909182,-0.868752251287487,-0.173280567009748,-0.474563080083802,0.832984541606658,-0.220796689659782,0.195300467111169,1147.2,0
TXN-300033,-1.3386614554057,-0.908508326743799,-0.27247415975637,-1.42842992111729,-0.784630194979662,2.14264478879037,1.25914698598241,0.775123386263667,-1.74101053888892,-0.597852891390675,-0.565087733318246,-1.22140603683881,-0.617948777034921,0.54859835484516,1.62890957340541,0.235247571431341,1.329531105552,-3.01355099676006,-0.33327913828734,0.851487026845694,0.194717518693769,-0.458284979522532,1.29356817860728,-2.09607716077359,-0.652803452539306,-0.566847815084731,-0.0897686889946503,0.0978097054473438,472.22,0
TXN-300034,0.439897960645149,-2.57316404714605,-1.73504856957263,2.01657602726655,-0.562612431426791,0.350454690833769,0.753791092021363,-0.278148990250871,2.01451360554018,-0.536962737606173,-0.497724229993613,-2.64352946054501,1.2607215165914,1.83994936950534,-0.235195204585528,0.273028477001092,0.108244306306453,0.516837487200814,-0.810589990740947,1.35007007348052,0.349513839897025,-0.480590418282753,-0.550618117754719,0.204353657611898,-0.279817646189117,-0.782091371686715,-0.151886482520589,0.0982836277739734,822.2,0
TXN-300035,0.558309818992865,-3.29710935920115,-2.44295040120448,0.107430910723478,-1.0564781166179,-0.555415012588275,0.959141829869562,-0.657943573012149,-0.84791679881262,0.535822209996221,-1.30515781583638,0.343281180013748,1.92416669644585,0.142829148507485,0.528438425926187,-1.17587199500956,-0.530442779232881,1.34292470210206,-1.0418024129822,1.26868621609673,0.35942799062513,-0.282092052644234,-0.738726515094398,-0.54146058379342,-0.252718434647482,0.73901411509096,-0.217802139934045,0.0830930725295361,876.49,0
TXN-300036,-0.153046723488169,-5.04815503673743,-0.80016097527678,0.389711288979673,-3.00509408203461,0.588747657309175,-0.290180579315872,0.030876490520135,0.815571144203749,0.129875408083236,0.296667476929544,0.351191170472081,-0.430239812915394,-0.721501734064655,-1.78075883148967,1.14357660668896,0.439328940808411,-0.580255697792647,0.770949230760198,2.21782933761835,0.86397442153561,0.194441739565683,-0.765950206136047,0.158567109260555,-0.806354712551506,-0.322711267787945,-0.156593952090404,0.150457469317981,1143.18,0
TXN-300037,-0.979041678185182,-0.0951898521668606,-0.465113522053338,-0.994913657137042,0.624277234460369,-1.19493390836211,1.85546618471944,-0.80269908884092,0.560838900419583,-0.338312720004111,-0.745296263960711,0.270780570846515,0.523210552369906,-0.0214227712036927,0.241329887013822,-0.327006811415549,-0.919640159771027,-0.0633472700145337,-0.667834657613917,-0.392314421668012,0.225879217515022,1.3860641502945,-0.335224893343558,0.0032146282099991,-0.656442353459964,-0.628451713459817,0.343139462526507,0.0423944188199272,239.0,0
TXN-300038,-0.533431835312435,0.951522313907899,2.26954148427742,2.5796205174002,-0.772269341947968,1.14043633841454,2.27567226065366,-1.02993872444461,-0.0305270327076599,1.43738350253116,-0.111778433489881,-0.802242546825494,-1.06921857348286,-1.0090427960708,-0.102994828445275,-1.067760008801,0.247248554597443,-0.891370008113496,-0.0291382019053313,-0.099571011790742,-0.149990672958289,0.579599922263801,-0.279723211971004,0.630322535708908,-0.517937734942226,-0.0071449763781599,-0.838340384345287,-0.84116369473864,246.19,0
TXN-300039,-0.94706177703501,-0.159352946589234,-0.401533898914467,-2.44814957023307,-2.60915100709283,1.03280010417732,-2.08339057142005,-6.47812265332136,-2.20272967600881,-0.394521011745228,-1.18116753221742,-0.285644706608544,0.104502325719929,0.29934600420112,-0.774718990080383,0.224282779804253,0.505934456052893,-0.19741465788188,-1.54383662185575,0.401825502330398,-2.03635902238032,0.285938045876653,-1.01683181067767,0.0284277999690825,0.402164922342433,-0.2177210608027,0.444975722260956,0.186805466153413,435.7,0
TXN-300040,-1.71284135984257,-1.33136660499554,1.39815706858552,-2.07324517992524,-0.42611047129601,-0.0438425056354145,0.654205993270295,0.218848116038032,-1.00713070178798,-0.345361082024199,0.280409802105971,-0.474458384605481,-0.707629657399808,-0.326177986751977,-1.56669111252831,1.38235588714957,-0.118650871944674,-1.0486417900191,0.61708071546898,0.954201666507003,-0.0079522114906935,-0.754530619301975,0.56127157532061,-0.492658804199173,0.58366394350498,-0.516582876285705,0.130093295965071,0.13275135631553,299.54,0
TXN-300041,0.54607052330502,0.704508003177095,-0.136618869944901,5.09955960786742,0.304371465031089,1.39294524621767,1.13489703423762,-0.137889698237601,-0.159107441546549,1.0183941356169,-0.799866058422971,-2.53352309866956,2.59485964905948,1.13369223932663,-2.07969187684393,-0.95840566993329,1.24318086055396,0.0756462925452095,1.23328340867129,0.539373417087878,0.169883097933968,0.781122282424685,0.555181324535273,0.557743607907946,-0.802980708874693,0.364089372701304,0.0703467566811003,0.0945001819905706,226.23,0
TXN-300042,0.416431919233277,-1.79885528832458,0.559454392415693,-0.451505142078432,-1.81518394062722,-0.496683500319697,-0.280707707968204,0.100183900298247,1.77430717299923,-1.04855962552581,1.15634281010852,0.617692709530025,-1.7629763890853,0.469460920878966,0.806527726195262,-0.159531882635193,-0.222106675627157,0.934099419087131,0.636979836026847,0.584017485777725,0.291713651211116,0.0672980885666464,-0.361052151143427,0.536285153647628,0.242425682056814,-0.73968554005641,0.0053007371027462,0.093323045452056,399.76,0
TXN-300043,-0.472080540349964,-2.9455343716376,-1.07910832392285,0.777991205396572,-1.15392797777588,-0.289611205484699,1.2264711286306,-0.301707159180014,0.0302593245438928,-0.414015538554293,0.768557101534509,0.457831955928791,-0.796801280746233,0.711572471002373,-0.366634206383649,0.157347309000772,-0.24206100036968,0.137669342723404,0.429809273833632,1.71808117782106,0.481271074166563,-0.603699806921467,-0.927881160388505,0.125514807496967,0.199840515707759,0.999313009135355,-0.27506361291452,0.135465895801769,910.72,0
TXN-300044,-1.54522378742341,-0.794062354281173,1.9095211511856,-2.25605729916838,-1.70152241495855,0.799765713413009,1.63082611538017,-0.269139101577162,2.85058362418524,-2.09131019166508,-0.991380138241196,-4.10021825697775,-0.412361189960824,0.904208564105733,-0.0439574045613751,1.2882411366528,-0.612783794003262,1.18059726317228,-1.11898156752092,-0.250807638400372,-0.112234433763793,0.194166710574453,0.185856684490291,-0.717362323094162,0.517009332415916,0.613859607066684,-0.125295377197656,-0.338887451754544,418.39,0
TXN-300045,-4.88112899873536,-0.237236411739799,-4.40517242809708,-3.65279327070292,1.16595285042951,3.28155417658327,1.90755118558068,-0.353086150753972,2.7484826832538,1.57980773840674,0.311129685637346,0.457633122563077,-0.166302227939674,-0.0739153583773422,1.08900322455953,-0.785333362338301,-0.550199507231443,-0.5843889562656,0.0658101782231453,-0.371686537147572,0.0316290651066716,0.238539089950559,-0.548590921256363,0.838496089933377,0.222259729666032,-0.27713766245685,0.894090034555857,0.73720821590529,342.73,0
TXN-300046,0.762694480781372,-1.22018553089916,0.735157139268709,-0.591461309212778,-1.60616003181911,-0.543333196776402,-0.50568060335875,0.117069697718211,1.7518945997403,-0.966348900600871,1.18745530529596,0.79489890145013,-1.37877660478097,0.331610655422911,0.73584477758065,-0.232591718150938,-0.2518597510643,0.98302789977962,0.622814613498509,0.248765697270314,0.321001925134272,0.602662968818996,-0.297928780186115,0.561739191790733,0.443246433934962,-0.580596115188103,0.0412272179330534,0.0605312264474741,222.0,0
TXN-300047,0.0413271748415607,-2.9197327997641,0.470244686037813,-0.0607420449391873,-1.82404365709774,1.13155209004168,-0.604765093822353,0.345343294723625,-0.132307375950489,0.193894133672215,1.27187069504255,0.397489357136158,-0.445556113487361,-0.429337330304294,-0.746158488239313,0.445862951385279,1.04969967626053,-1.77202621583521,0.289209261750445,1.19654770449735,0.471274749108503,0.17023495058874,-0.473210493516548,-0.23947507951558,-0.0329849897211047,-0.265157980414057,-0.0340031307156379,0.112596403935635,614.96,0
TXN-300048,1.75996822576547,-1.50170283623018,-1.74791416697477,-0.689787228103596,-0.88049080712456,-1.49010753584877,0.0790194892973101,-0.416335076717368,-0.414162098827237,0.807679243804816,-0.910148243298947,-1.61730985790141,-1.81911151233204,0.613178229854134,0.490468335923426,0.994468453316828,0.304796541183567,-1.45930922411879,0.625099323004906,0.330945203630769,0.171929559250924,-0.208171214085714,0.0151503073167387,-0.0680667421460761,-0.216314715379763,-0.332261828376021,-0.10770922433435,-0.0242584070009082,259.0,0
TXN-300049,1.19991824669847,-1.50886325250019,-2.570524131812,0.120020044724477,0.904497473187481,1.21336565530109,0.540192205802685,0.198713652147388,0.511818006917015,-0.234447795063835,0.776975539484323,0.519048509438279,-1.08922300934056,1.11581762475936,0.711313872998357,-0.956696143333933,0.0567757908619741,-0.675808849472317,-0.580329271181669,0.440162990418541,0.415289197445061,0.472385442585821,-0.299295932853569,-0.942445909857998,0.0580614043766987,-0.475939352507644,-0.0498910736899786,-0.0130394889174782,400.51,0
TXN-300050,1.39930966969029,-1.32393990260238,-0.624459725047396,1.79044982866081,-0.705708912319463,0.601177222481341,-0.385779190324841,0.142569105973645,1.66589587207954,-0.133315849237537,-1.82909554417042,0.223683292667059,-0.704732792876525,-0.445880893586602,-1.18948746055866,-0.46795326511044,-0.0001511778200017,0.122714163880998,-0.271310990179103,0.25701529898151,0.395873273805055,0.963204541991928,-0.260111458759824,0.650669431252767,0.193009034720066,-0.339707280187888,0.0167706056502136,0.0121145647200481,282.36,0
TXN-300051,-2.36971879717686,-2.74250104480744,-0.931044068247746,0.482959187907585,-2.80284522149085,1.05782867827014,4.81454126802801,-0.4558702853453,-1.34620477053962,-1.19011903657043,0.832205732503829,-0.505951269801673,-0.935141257061841,0.97278279187037,0.420563461416418,0.125653799506938,-0.302831166006701,0.803722945426117,1.06966909934166,2.71410312521337,0.811741098033971,0.0760872887769083,2.641559406991,-0.0796258385138658,0.246684890204568,1.06160705905997,-0.414008468413956,0.19249394578929,1207.85,0
TXN-300052,-3.71686136248579,-10.2889344311913,-3.64259924126211,2.52568540451369,-4.01960736138113,0.386658416754011,3.18155834218404,-0.967061169787539,1.2523493217757,-1.16924816737892,-0.262225477844085,-2.3223165918567,1.83823130959302,2.02225951417375,-0.498811975396927,-1.29325557949855,0.845318318804618,1.68142142481317,-1.6707659000712,5.39804234699644,0.911239367152783,-3.32602388721972,-2.1200080245735,0.0209010382326029,-1.67975791657899,-1.10955151107165,-0.546691426209514,0.486922919917315,3018.5,0
TXN-300053,1.6770483102924,-0.752734206309542,-1.70378191454539,0.386252553644094,0.0341632974600504,-0.671218751702118,0.418545787482479,-0.234473959705891,0.795954684947548,-0.132195281893859,-1.14518262199303,-0.285796076939932,-1.04664457015578,0.701804154745434,0.703736466696559,-0.0173906206872899,-0.469710479656441,-0.280189515280891,0.161257461271026,0.147532808156944,-0.156011690355442,-0.914253162980506,0.133285885732944,0.409358116036145,-0.204572667506504,-0.640009123919567,-0.0678497389374521,-0.0106558345854533,214.94,0
TXN-300054,-0.856279731065956,-3.26399392366233,-1.04520545431735,2.07184736831686,-1.203203500812,0.243517042782401,1.31776206989143,-0.0554924807168117,0.105665739093174,-0.279055186616725,0.798512816546816,-0.408941619393532,-2.93736001633135,1.28447669040533,-0.010842976028632,-0.198915669541419,0.110206934221552,0.176330489354807,-0.509775962406638,1.74420312439449,0.640654219762905,-0.498239910215231,-1.01156058592187,0.0207979637616526,0.257466829898129,-0.349978672854601,-0.193477028929988,0.175046533875948,1043.0,0
TXN-300055,-1.9529291276634,-0.252856321222237,1.89752839881126,-0.360319082623818,-2.10448878691376,0.397360877725192,0.169172723329441,0.478876633395914,-1.06981885426774,-0.0456657651947113,0.436130831093639,-0.0796493284256074,-1.01169506438514,0.135114053243829,-0.61287471138772,-0.662454901789721,-0.357109884486541,2.24375562865231,-1.46324375708333,-0.992426147305049,-0.174214045535219,-0.0114050836035325,-0.51614733769202,0.529693807303772,0.254700587649209,-0.383776345721447,0.0347450829895322,-0.292228957847251,260.78,0
TXN-300056,-5.43562787550275,-7.05753245576813,-2.65053408701262,-0.831594519714031,-0.219246992895628,1.32994886698815,3.99907983063632,-0.938404060668882,-0.971291746609104,0.0765999727642129,1.06931865909479,-0.64852129159812,-0.0364347734469706,-0.157902725155279,-0.164722239487732,0.916409269963435,-0.0560763981672883,-2.00014214276811,-0.418910668662507,-0.717657075509506,0.0173847720786196,1.52793775809836,2.21397753796397,-1.54600693847527,0.141316070105374,-0.0986519361298673,-0.0166513737666812,1.20683265879144,1241.91,0
TXN-300057,0.381823241237446,-1.23349852531751,0.246042892322671,1.34016102497955,-0.743925395974758,0.470991261457935,0.0151953176648029,0.197641376835547,0.151648706223637,0.0140353201424632,0.985068588347495,0.234719873368199,-0.99642305871682,0.638378460471356,0.954599374524851,0.536326356703858,-0.623099330963096,0.600991049115979,-0.703186776975275,0.587968636756524,0.441027144851448,0.380075941556501,-0.45286474079481,-0.299885546671274,0.308055561416568,-0.257440118125017,-0.0267287312297456,0.0800153838510837,397.63,0
TXN-300058,-1.31633294825311,-0.800678525024363,2.18982955065317,0.202238700575008,-1.04737421031415,-0.012340342492164,1.08812600588196,-0.439064146921871,0.677121158259481,0.0372203929936016,-0.325895692915297,-0.399706924613572,0.234862501892607,-0.867508839240307,1.57261250752271,0.722435181272364,-0.952474244731746,0.563133214825461,-0.410930561025572,0.165953963423355,0.0731311682153125,0.970156423389755,0.77413211432802,0.424219744793268,-0.000632717799247,0.525131561688512,0.0465450692980217,-0.508522317012129,263.9,0
TXN-300059,-2.98294443690628,-2.17874246430173,1.37667806056407,-1.2224258751547,-1.63603475499779,1.2000152826691,0.41972095965305,0.320641126745587,-0.820384485493756,-0.165639502471633,1.37579402928362,-0.0447542576199948,-0.108622306258223,-0.513453274637699,-0.151118088250483,1.25955274390642,0.403176224414734,-1.31254872434445,-0.458726584025035,-0.345862396644168,0.317429759974308,1.18985267868961,-0.763027110134379,-0.144058333809944,0.184024244194137,-0.137136738531758,-0.0191669060112294,-0.53359361568529,449.75,0
TXN-300060,1.30034512548995,-2.0590904767063,-1.16150705233832,-0.899480078070128,-0.792692231517081,0.595728553512193,-0.570324685140799,0.208680827694526,1.54262950256924,-0.375606729005897,0.0818957844713054,0.232031547799056,-0.522806483194888,0.2928276651059,1.260731177084,1.1586786063518,-1.22806695654963,1.13161413255917,0.466704787124653,0.656400113753102,0.280644547578885,-0.0853051496403826,-0.107964128247122,-0.328434482278432,-0.692254500922441,0.489363878990089,-0.110094160678585,0.0111417528742396,400.75,0
TXN-300061,1.07426532107647,-3.77392830710128,0.0053137485645109,-0.716604137862505,-3.06636424790757,0.393813528146661,-1.58435783848624,0.0920071078835329,0.151931676931507,1.04575720178833,-1.63844072895344,-0.633184509501398,0.282970368804401,-1.32613780076132,-0.763109887668829,-0.349786208069864,0.698521483994574,0.500455621256622,-0.400150177408136,0.695248513295679,0.329652715188366,0.438855972643426,-0.267570947985289,-0.0461329135149777,-0.655613898036988,-0.0771863997813703,-0.0029694576574449,0.0704818135406923,584.05,0
TXN-300062,-1.20798728981072,-4.39050367643697,-1.31705308618336,-0.50572341820336,-1.94511471359651,-0.469006284522304,1.47350811822824,-0.290977158834603,0.960589449045699,-1.45122205724419,1.82643096751577,0.709907584571924,-1.44888604786223,1.22763904510202,1.55870956662519,-0.424078162112915,0.0994394224557416,0.0849071032290608,0.277266266596014,2.35967041110706,0.651118523964178,-0.983770082851886,-1.01398166320794,0.27853158718307,-0.214546939092966,-0.320884649794291,-0.24075011994402,0.219596993444572,1266.7,0
TXN-300063,-0.567661169211328,-0.0043165268977094,1.98785445303208,-0.547608290235969,-1.47359283406937,0.5689705180992,0.910836706407276,-0.0729705285803484,0.770350446249717,-0.626032069410521,-0.625676774847126,-0.935758481945713,-1.66015815249023,-0.328787792591819,1.03486517332338,0.0284793513720344,0.0198417533140476,-0.328260849625774,-0.12054296220575,-0.0453133351187863,-0.0222230258369965,0.15419138762162,0.0763146528903669,0.0989688173163722,-0.513091034642427,0.955732755413448,-0.191324219257517,-0.227677630230579,223.68,0
TXN-300064,-0.0582750262187943,-2.14922581904766,-0.610613125237504,0.0140951565309428,-0.18893717364479,1.55557479451792,0.347625568910573,0.40308771271885,-0.0127240211660508,-0.479126742674759,2.05181126916696,0.847876414304564,-0.628690152658073,0.844173378730676,1.61294108797667,-0.650206803375644,0.628436920434448,-1.79702361491559,-1.15670504980223,0.981550881847917,0.271688219567253,-0.489047797126963,-0.331035744025707,-1.27859003025218,-0.372691538418769,0.917010930131857,-0.137446370680731,0.0782786035975559,599.0,0
TXN-300065,-0.889875919973977,0.626686269469101,1.00333095869327,1.3308820605752,0.197942935677536,0.440989966564576,1.87636479483221,-0.113602828049499,-1.37431842950266,-0.213627872583376,-1.62662954959339,-0.553350336427226,0.589748500541564,0.0195420937096527,-0.152420910082661,1.12292967338907,-1.2896427709152,0.262358975893498,-1.31769563001245,0.439966204876705,0.249882783615644,0.206843717670724,0.254483439159078,-0.607275812424474,0.222928214747989,-0.0742554240558407,-0.0038785104782408,0.140511638809046,263.42,0
TXN-300066,1.60836573105113,-0.415332170610119,-1.96992015426486,0.728647138028549,0.0529235044356276,-1.43518339397364,0.672268706899595,-0.527968651808758,0.372222959537259,-0.658312193142188,-0.096648605640218,0.712978540076028,1.26460397028906,-1.02499022345347,0.801446551416196,0.205852872210543,0.41618848390094,0.438198484843008,-0.533826894110316,0.34798422562126,0.345331070377353,0.706338850574364,-0.240356413190932,0.0194165382681757,0.208681693218913,-0.132852526170564,-0.0368870943187888,0.0143154299898565,235.56,0
TXN-300067,0.741593721972777,-2.59642557159966,-1.34738625273929,-2.17317548114108,0.401503519463858,3.49736695828951,-1.09253664792781,0.709633277356266,-1.93266613337171,1.27555298489681,-0.182400035594519,-0.960003329564703,0.633166496643679,-0.158636303722798,0.987352850647485,0.190129290822676,-0.0661762358924399,0.438536755775733,-0.0023311591988292,0.665468667696885,-0.165292533776538,-1.23245354342116,-0.229428439402655,0.968947080225934,0.138275627462379,-0.440031917195595,-0.0339606002669043,0.0967713242290993,435.7,0
TXN-300068,0.589844329405019,-1.50841483305706,1.21191435578482,2.15531204531414,-1.11870130543219,2.13267139237887,-1.17117663735737,0.671516838662459,1.60509189559981,-0.0106653603500583,-2.87687336558617,-0.792755354255931,-1.4886199868918,-1.00009013985536,-1.25156187193689,0.399552174021312,0.0755024092831444,-0.0304404374195344,-0.160748336838174,0.355644059121664,0.11483720441197,0.116445680536306,-0.445891361603465,-1.23939280486067,0.221981900170278,1.27365409691808,-0.027168685927331,0.0537791478563679,289.25,0
TXN-300069,-0.699477100005599,-4.09381671564126,-1.49869500499169,0.135877322258757,-1.60186945254652,0.127001175235758,1.0409623460234,-0.318095827029073,-0.967606964819308,0.313000528402098,0.0199986855745014,-0.150401594760468,-0.647597471188649,0.624535575636702,-0.425846014421986,-1.15379087542148,-0.15808226183103,1.72794403309844,-0.191122586112563,1.70811906504515,0.19894558433041,-1.40036552434188,-1.07971513508798,-0.448290809401818,0.0798467183944255,1.01412903297885,-0.288286721093541,0.16811899352983,1105.5,0
TXN-300070,1.43587967038929,-1.35080236071082,-1.08510267316689,0.209025310819811,0.173221753096978,1.91408992310682,-0.710150659729889,0.594302283676206,0.895587840720523,0.045624451673184,0.729642590166957,0.485120624204675,-0.597316495974551,0.376062413507706,1.12727380289167,0.135946892052913,-0.323615978078856,-0.312924248261285,-1.04654638091054,0.191942663397634,0.402174956562795,0.771463725200195,0.0057694479092012,-0.919761139676811,-0.533909836204258,0.41573238328563,-0.0222722783863159,-0.0258637501806415,240.0,0
TXN-300071,-0.333910609565182,-0.498116646809936,1.26491804149719,-1.87212512805321,-2.52780624856893,0.0539529380298665,1.0018358028139,-0.41744821330073,-2.49386289165188,0.812176936935075,-0.348014084115964,-0.666583495314139,1.62371711165731,-0.776865049588013,0.474856777136383,-0.212671095996523,0.317482865814636,-0.0195051425757275,-0.138751222083828,-0.165978814437251,-0.289865545683968,-0.442478490428136,0.276174118260481,0.369035520199793,-0.225354923077208,-0.460842339625751,0.0714018621339795,-0.0447899549898311,332.7,0
TXN-300072,-18.2475132286673,8.71325017095966,-17.8801268207974,9.24945923683651,-14.5412125237225,-1.91156359308197,-18.0146601306809,5.52216218981207,-9.28392451240577,-14.5571590528859,4.39243558567834,-10.3800731219167,1.61182090128819,-6.91763950579126,0.158841037400664,-10.3282423879882,-20.2545556896053,-8.53452256380618,3.25653448060821,-0.526368288315335,0.598842606268504,0.615318868165234,-0.486498927270445,0.739268468431111,-0.236844752247958,-0.0460816699541002,-3.01147328474912,-1.02214746628442,53.95,1
TXN-300073,-1.44849901061619,-0.773320221286674,0.380763410506245,-0.464175069188418,-0.0023106145224914,1.38871017864159,0.945459854975753,0.268199156284974,0.649213020075431,-0.516930726587106,-0.589610418644001,-0.337197069168774,-0.875589229728111,-0.0170862711035489,0.0610212279352057,0.52543645409389,-1.03534454357811,1.4319622683059,0.869852619888121,-0.0329393244500878,0.129064258559364,0.849266643202262,0.660349491335843,-0.483555045617507,0.116694252052244,-0.100258080233661,0.525657510210892,0.0595137442913933,279.74,0
TXN-300074,0.787684748517673,-0.531253662052051,-0.258836956583622,0.421120085683952,-0.634381348648415,-1.61504581800967,0.848905887370499,-0.549194045606586,-0.346204646676189,-0.227690472502032,0.390517012055124,0.810621548477665,0.841880776673912,0.395327348505193,0.655958154892671,-0.255424928650088,-0.0066612562639341,-0.920674026703535,-0.170057926694216,0.48602979170038,0.153162210310198,-0.0791949128487187,-0.257574469609732,1.03732597024518,0.414163618847983,1.00726067146919,-0.155851675546723,0.0430443962001321,264.95,0
TXN-300075,-0.576863816411922,0.370549731707979,-0.698923157810589,0.445193688480265,1.01189781795475,-0.0045178880046086,3.57615658137235,-1.58264688916509,-0.211534881012457,1.19552209383338,0.864731499908046,0.610392553526625,0.78330392055367,-0.46701016519553,-1.25110884610566,-0.877072641864665,-1.14297078872781,0.033814978809443,0.552657300480136,-0.356940043118168,-0.0945756191369985,1.44970579895001,0.0898743115148171,-0.252289584356576,-0.372557853198064,-0.603365086563468,-0.135199911774062,-0.835569690166366,281.4,0
TXN-300076,-1.37570620270088,-0.23913274379835,-2.36519993672147,0.652359224297961,-1.13552006617041,0.360904181662942,-0.551896344948838,-6.15684213419942,-0.427323236398787,-2.06287186999579,-0.552571030914725,0.604926386613282,-0.0035730951008364,0.217847375403646,0.868118409946875,0.739812745461497,0.635331237918749,0.513432889303587,-0.823231444234163,1.17057533969829,-2.30899376074354,0.946569198248274,-4.02590179924158,0.0904282082519254,-0.558323519042814,-0.171054566267142,0.784129124016852,0.297027367961425,1000.0,0
TXN-300077,1.60186260730219,-0.44690207008045,-2.37798360915503,1.11235143049487,0.878941354116442,-0.352281443552111,0.958848548077021,-0.306119450519616,-0.429175792627464,0.418704066733657,0.613696083185136,0.719647146280504,-0.0445518365876774,1.02228308879147,-0.371514106741218,-0.0981035114726155,-0.801202159443228,0.198818876653132,-0.0748582872275798,0.244748970207341,0.289388773544518,0.348565303172574,-0.242868257085301,0.277334599041204,0.416426963573026,-0.532648617824245,-0.0826384946614976,-0.0300475529596132,240.8,0
TXN-300078,-1.55316931060073,0.805190672481793,0.712166000368963,-0.0146040936699627,-2.84979805630542,0.996928315346273,1.20810982748719,0.662249847216398,0.226319883029019,-1.45828817895469,-0.773364478600497,1.02154806909715,0.575241145771863,-0.207273934088346,-0.975405871797075,0.0290508667650608,0.373465280937434,-0.959159066106572,-0.878110424818718,-0.639034236592036,-0.0020793933354827,0.264608576729631,0.270500022259499,0.472841164193768,-0.892871027110725,0.0955777662870422,-0.0459245783464872,-0.102924568459037,412.29,0
TXN-300079,-2.00845755759999,0.318755077908595,1.12878072799008,1.35769728671981,0.236871130559972,1.26123005058379,1.83769685945881,-0.320769793672983,-0.478377443083247,0.757747439767912,-0.237200709280381,0.0933948160660946,0.0908833869701414,-0.613535992934011,-1.71418779877394,1.00320027741081,-1.3822728356147,0.186604090445371,-0.325294920921258,-0.65419464012232,-0.520669263927661,-0.544657409690112,-0.0464899351205248,-0.835398272376128,0.265422226568705,-0.281964661408936,-0.0822000976212558,-0.0181421742064667,273.92,0
TXN-300080,-0.810159290673917,-5.04179223548844,-2.5151865665754,1.01349681577457,-0.820595217237507,2.29748055771771,1.0836036670734,0.248670271609434,0.766319320584375,-0.673852896246709,0.72673813433615,1.02830925555383,-0.189782601379738,0.497764683819759,0.212875346213308,-0.172880963442231,0.127622084946686,-1.09805351818448,-0.692958623846988,2.57951970225097,0.492556567245219,-1.57886919622132,-0.723334040567867,-0.906015252198308,-1.29089530670048,0.0786963399604848,-0.26990438814865,0.175113821943723,1406.18,0
TXN-300081,-0.818186256769569,1.01488032857795,-2.65550064284274,-1.24521325669778,2.23986710966669,4.23747526592599,1.25769954721041,-0.951586789001447,0.010813914395554,-1.79819063655934,0.187533177335413,-0.247008365804856,-0.615991435136234,-1.92876878273235,-0.215078287787456,0.0874587241269151,1.55813500091797,0.540427130802746,-0.361093067017003,-0.595860492153078,1.3814376753766,-0.512088886776956,0.10321240884725,0.521713629335688,-0.403228974682519,-0.377122121078699,0.555144774560053,0.156720770662174,299.98,0
TXN-300082,-1.9866795896961,-0.527293346610173,1.79095020133847,-1.34743891718965,-2.20522268851275,-0.04734734985658,1.53213294581563,0.384671491534231,0.266572509707676,-2.19213138153733,-0.903692589450288,0.562181375436802,0.0739370962071215,-0.45813584697258,-1.51412497434361,0.538431814278926,-0.176658991898674,-0.655497109929727,-1.1865060771943,0.664960519853402,0.122190338259467,-0.432211337115085,0.880639342001356,0.73033710035235,0.390014389805406,0.938601429194188,-0.344025134590305,0.0147671320706819,445.75,0
TXN-300083,1.83146413230583,-1.9335123075073,-1.63356894595448,-1.27459657351321,-1.20611221305379,-1.20028087253417,-0.220556070718394,-0.513308641801578,-1.63556907232552,1.47366351066155,-0.833019856876686,-0.55024045222658,0.688548651165629,-0.1519623285146,-0.455474579323589,-0.964778382662618,0.713333991227503,-0.597766607054716,-0.0923265403804537,0.072536476776746,-0.140807486146068,-0.447600623896823,0.0228843459064797,-0.0183208588784525,-0.169384428965454,-0.262501844632166,-0.0605779171233579,-0.0156034747513148,269.0,0
TXN-300084,1.07172352455647,-2.58821232083654,-3.23808543652106,-0.51300854891614,-0.41265545444319,-1.18087489100235,1.07979430454293,-0.587486664012154,-1.08871818114191,0.869815458263888,0.437884766551937,-1.02560745972984,-1.86933392709853,1.1284398339889,-0.892801318911475,0.455788008387858,0.365411103003983,-0.902208387665509,0.905038539612843,1.08158467150894,0.867566838476217,1.07282732417397,-0.798691500213451,-0.310171964693598,0.474183048874874,0.24627507656031,-0.225339101508894,-0.0032556901155047,630.56,0
TXN-300085,-2.87496766975423,-3.51007795745335,-2.3980403841273,0.353509869237907,2.75398274155352,-1.62641749286958,-0.206163933044466,0.464396112052336,0.172375453565023,-1.55946730458559,-0.377577079179084,1.03765921893368,1.0004161099168,-1.11725434303224,-1.36828808072669,0.733885061358132,0.408353886202035,1.35838005601004,0.532849608216915,1.46715693053747,0.500675884114887,-0.172452934059272,0.820173380662583,-1.49849470620594,-1.68983900331671,-0.422597925334949,0.215768505052485,-0.224564322901285,305.96,0
TXN-300086,-0.6808790025117,-0.529017242926608,0.934598539513619,-0.798992792165828,-1.45645400311041,-0.627855325654286,1.53300443339302,-0.353708043501209,-1.58062712881774,-0.110713203388509,-0.562782672027092,-0.174587024862328,0.355605335597887,-0.0896721563735329,-0.293360491338987,-1.94766484581335,0.412761201498559,0.748429234920377,-0.499659891728905,0.237669869662016,-0.16442933625008,-0.433603426642225,0.597889987213598,0.723515034953243,0.0602091233715808,1.0198010806883,-0.121183985316028,0.0643074298395735,313.2,0
TXN-300087,1.29688867205127,-0.72702705055783,-0.105695494366748,4.12939462663845,-0.660785431089326,0.359954007978657,-0.173684301455109,0.0942754738612026,-0.176307444044016,1.26506550229698,-1.51788542133936,-0.696677330794194,-0.870597712684486,0.0233360978417792,-0.42818875486062,1.17151233656391,-0.775183920655213,0.133797166508882,-1.90189716697197,0.239280940834503,0.377545677059486,0.511089517763527,-0.0826452081069283,-0.0412142533995329,-0.333364611841353,0.0486907210874119,-0.0453466992704867,0.0150100631842978,296.99,0
TXN-300088,-0.877323456351029,-0.866373524563998,-0.988058182952657,-1.43949148892822,0.530178415354558,-0.634836613620077,2.75471836745066,-0.767626048659963,-2.3358771591684,0.25903399012575,0.175359079851424,-0.111221026290524,0.222297372847337,0.558292006806191,-1.44742565109158,-2.00955058077328,-0.455649198013538,1.50617286006628,-0.398011440318704,0.476403184704143,0.195793193442035,0.510763117577119,0.339407679850983,-0.455807981159416,0.656781885010112,0.959203594300139,-0.296166832133643,-0.0983260836221742,385.35,0
TXN-300089,-0.507753123008229,1.22495607237009,-1.7795016525124,1.68454722213079,1.01768404686044,-1.05424485592673,2.73215074338458,-0.561589907018759,-0.614556676615609,-1.68117364141932,0.0438398319638877,-1.64893679328286,-1.60829483821377,-3.60883575863747,0.275485104770383,0.13999840584844,3.32729256658537,1.66413181146502,0.0814234987896093,0.771612058997144,-0.0161257049297356,-0.0318703817675633,0.259068240276633,-0.413469041145484,0.0755572073581641,-0.406488288854131,0.224013685419692,0.128325666658123,282.5,0
TXN-300090,0.328548987600484,-1.56389078677003,0.699320350898279,0.781636374305334,-1.07801625209815,0.977891381173801,-0.410628721113526,0.385430775965216,0.581840680594357,-0.28215926098174,1.46707814123105,0.993812175124753,-0.316968126251381,0.0999583220958315,0.549501173695027,0.009082452997866,0.0291509657993519,-0.283296540719988,-0.771476987402349,0.618600101522878,0.427337321205948,0.535769125507492,-0.336788044745445,-0.201067059690576,-0.0099635317230479,0.608764023167986,-0.0430427219583925,0.0722346106783899,391.6,0
TXN-300091,-1.30772137590653,-5.13787375062008,-0.769016963515676,-0.910737701402713,-2.80855178421616,-0.39018513901712,1.04524036910928,-0.496871233107722,0.0190714782099438,-0.947608530959811,0.450449687923974,1.28881908423517,1.93357398166823,0.060121364168834,2.07545310826381,-1.91672359931138,0.324278149070641,0.91512633991845,-1.10355864913975,2.36174521540002,0.462879366078915,-1.11435105086378,-1.02625512231148,0.491488025439658,-0.405213727936898,-0.223175325801364,-0.18637176146716,0.270760853911988,1376.13,0
TXN-300092,-0.617875874912577,-1.55755732772769,1.06780054945372,-2.57264661317104,-0.75961848470697,1.1300049835818,-0.283387839174233,0.352178737464994,-0.193914547610218,-0.483828252065989,-0.331747220513331,0.607010260818915,1.60182370818034,-0.795670255454581,0.025482027732342,-0.410768544066734,-1.16720699705143,2.6871564427909,-0.349473731622593,0.282672469889516,0.034787614431029,0.129757843721062,0.455988338126956,-0.335137016189106,-0.123776598540799,0.689930465398907,-0.0781500417066708,0.0048578992648495,250.0,0
TXN-300093,0.228282042448357,-2.13370693196541,-0.78181305512435,-1.41079309541344,-1.33664914445034,-1.37698344258188,0.813817916738239,-0.370583186006359,1.8875989459889,-1.81179480158629,0.247930681781329,0.607208542074029,-1.40146361567165,0.770296687859988,1.47887324588066,-1.84868671486363,0.857204454895924,-0.595297247850039,0.641631403291547,0.847375918786474,0.365342238079872,0.110645377830756,-0.586252563876357,0.656108289642627,0.630646283864059,-0.715394307784991,-0.0459498889153664,0.103180933250701,543.97,0
TXN-300094,0.71429975379044,-0.51352092070184,-0.548007114940789,1.27203869857424,-0.115609077724362,-0.580608145099613,0.72945818217206,-0.182991005752717,-0.423712760085187,0.177965941127037,0.820994700065551,0.120983567617578,-1.22669939688486,1.04839875970918,0.138246182937812,0.212280995473815,-0.617839221017249,0.434155287307129,0.0255314777762384,0.352156807137281,0.186515240747005,-0.138576345974011,-0.425957712295751,0.0030084662183293,0.715242741810155,-0.303230781927867,-0.0744073039004401,0.0433787388141027,280.0,0
TXN-300095,1.02476970154433,-3.05307440544347,-3.01722077914258,-1.8510644662423,-0.805530696369498,-0.976524382490147,0.813408296975456,-0.614074414626778,0.458711144513895,-0.302096069825455,-1.74578536090681,-0.287679172697349,-0.175501939848642,0.667781236008382,0.996948144903609,-2.18089826893837,-0.0897524229953189,1.4649219258363,0.179366810044638,0.727189677794173,0.0684677692839373,-0.632049814392226,-0.61385438979485,-1.03028685133524,0.0654618756142664,-0.110307505531914,-0.140009588848223,0.0399619428865926,677.48,0
TXN-300096,-1.45375691314594,-6.40898374957491,-2.61967501610762,1.51667645132001,-1.55856806875106,2.67321250309582,1.1163332472255,0.170510763136398,-0.668114197005027,0.21097312004115,0.675514894913415,0.831672500218631,0.822532012647176,0.502303555152284,0.986049734301663,-1.20201889914461,-0.177306198603806,1.0866225762901,-2.41035748423994,2.909780871547,0.671261816160254,-1.47759082273721,-1.08794243414019,-0.971255144449647,-1.28039353349692,-1.02970852203813,-0.209916497142245,0.267911767677118,1770.0,0
TXN-300097,0.890324903348692,-0.556082712728731,-0.246514040018415,0.188130503785918,-0.28953426209443,-0.500500611190638,0.422311365229017,-0.228712324627515,-0.179105473065806,-0.142442990449528,1.09228319919659,1.45622968148364,1.00498102177805,0.168592570903775,-0.667266961647685,-0.0276720955965029,-0.371133130487831,-0.24511283157504,0.63976996757604,0.406381216224639,0.0768142022929825,-0.0728204893402489,-0.329228411809396,0.147708772659336,0.523093240405961,1.06766364319938,-0.129300955918958,0.0169646861209219,206.03,0
TXN-300098,-2.06247551095081,-0.0787253987830724,-1.24993067308363,-1.00273112371918,-2.05251945685905,0.590889873069313,2.25413583969175,0.522115464171172,-0.39556818528093,-1.21189090096774,-0.271940243477311,0.0813519126648896,-0.973831823878428,0.922970762138365,-1.16203871013789,0.849876668411182,-0.547252970405126,0.3887526620438,0.167841092125753,-0.199361399893397,0.0519040372730081,0.111800498233966,0.556661124057708,-0.461833725084072,-0.243401549117294,0.884281802060856,0.227167517947207,-0.273785721705239,527.77,0
TXN-300099,-1.83079735925921,-0.865200268664536,-0.472127289325242,-0.590589762394312,-1.61330369955572,1.01034826534642,2.43563352932599,0.530421533186026,-0.551346315028654,-1.20666706523814,1.00991262275145,0.285649203084532,-1.34034780035057,0.877170323251954,-0.685828517661576,-0.252136462224562,0.267514048189476,-0.63221951199544,-0.876394104790758,1.12103024809896,0.521083120230391,0.459965381394114,1.50200999849948,-0.30755772657559,-0.429775732299669,0.861835299819723,-0.0081686648818628,0.186922557776696,634.14,0
